ID;Surname;GivenName;OU
0;Maria;Alexander;Tech
1;Angela;Torres;Tech
2;Clayton;Fernandez;Tech
3;Summer;Fitzpatrick;Tech
4;Natalie;Adams;Tech
5;Fernando;Lewis;Tech
6;Linda;Barker;Tech
7;Jennifer;Holmes;Tech
8;Tamara;Morales;Tech
9;Michael;Brock;Tech
10;Nicole;Jordan;Tech
11;Tasha;Nunez;Tech
12;Scott;Evans;Tech
13;Heather;Stevens;Tech
14;Tina;Anderson;Tech
15;William;Lewis;Tech
16;Taylor;Mayer;Tech
17;Austin;Jones;Tech
18;Frederick;Green;Tech
19;Cindy;Rogers;Tech
20;Michael;Sanchez;Tech
21;Kirsten;Jensen;Tech
22;Rebecca;Graham;Tech
23;Michelle;Montoya;Tech
24;Ryan;Salazar;Tech
25;Robert;Brady;Tech
26;Ruben;Griffith;Tech
27;Erin;Cummings;Tech
28;Steven;Miller;Tech
29;Joshua;Peterson;Tech
30;Calvin;Hernandez;Tech
31;Rachael;Newton;Tech
32;Billy;Sanchez;Tech
33;James;Townsend;Tech
34;Brittany;Duncan;Tech
35;Jill;Murphy;Tech
36;Jonathan;Scott;Tech
37;Shawn;Bartlett;Tech
38;Jessica;Cooke;Tech
39;Carrie;Gray;Tech
40;Todd;Glenn;Tech
41;Terri;Solomon;Tech
42;Shannon;Morgan;Tech
43;James;Potts;Tech
44;John;Bauer;Tech
45;Randy;Gray;Tech
46;Amy;Finley;Tech
47;Lindsay;Griffin;Tech
48;Lisa;Sellers;Tech
49;Brandon;Escobar;Tech
50;Kristin;Clark;Tech
51;Eric;Jones;Tech
52;Christopher;Castillo;Tech
53;Jordan;Garza;Tech
54;Steven;Stevenson;Tech
55;Evan;Holmes;Tech
56;Eric;Benson;Tech
57;Jennifer;Lara;Tech
58;Tina;Miller;Tech
59;Daniel;Hicks;Tech
60;Crystal;Cameron;Tech
61;Maria;Murphy;Tech
62;Paul;Perez;Tech
63;Victoria;Weber;Tech
64;Andrew;Robinson;Tech
65;Tyrone;Miller;Tech
66;Lisa;Fowler;Tech
67;Roy;Brooks;Tech
68;Wendy;Nicholson;Tech
69;Leah;Griffin;Tech
70;Ryan;Gonzalez;Tech
71;Samuel;Calderon;Tech
72;Tina;Terrell;Tech
73;Michael;Johnson;Tech
74;Philip;Gomez;Tech
75;Tabitha;Fitzpatrick;Tech
76;Christine;Wu;Tech
77;Bryan;Jones;Tech
78;Leslie;Henderson;Tech
79;Rhonda;Kennedy;Tech
80;Roberta;Carrillo;Tech
81;Nathan;Savage;Tech
82;Cynthia;Scott;Tech
83;Stacy;Henry;Tech
84;Tyler;Powers;Tech
85;Stephanie;Christensen;Tech
86;Edwin;Richard;Tech
87;Christopher;Young;Tech
88;Deborah;Miles;Tech
89;Joel;Manning;Tech
90;Carla;Melendez;Tech
91;David;Lam;Tech
92;Bethany;Byrd;Tech
93;James;Taylor;Tech
94;Caroline;Frazier;Tech
95;Robert;Walker;Tech
96;Hannah;Blevins;Tech
97;David;Harrell;Tech
98;Patrick;Harris;Tech
99;Mary;Price;Tech
100;Robert;Osborn;Tech
101;Thomas;Brown;Tech
102;Rachael;Smith;Tech
103;Jessica;Buchanan;Tech
104;Andrew;King;Tech
105;Hannah;Hall;Tech
106;Carolyn;Moore;Tech
107;Todd;Wilson;Tech
108;Clifford;Graves;Tech
109;Eric;Cohen;Tech
110;Robin;Thomas;Tech
111;Ana;Mason;Tech
112;Jennifer;Johnson;Tech
113;Gregory;Knight;Tech
114;Rhonda;Robinson;Tech
115;Christopher;Thomas;Tech
116;Mario;Thomas;Tech
117;William;Aguirre;Tech
118;Theresa;Bishop;Tech
119;Alexandria;Cox;Tech
120;Christine;Powell;Tech
121;Gary;Hodges;Tech
122;Lori;Jordan;Tech
123;Meghan;Ayers;Tech
124;Christopher;Scott;Tech
125;Eric;Chen;Tech
126;Antonio;Reilly;Tech
127;Margaret;Fisher;Tech
128;Timothy;Hess;Tech
129;Elizabeth;Smith;Tech
130;Adam;Baker;Tech
131;Molly;Schwartz;Tech
132;Judy;Herrera;Tech
133;James;Knapp;Tech
134;Vanessa;Ramirez;Tech
135;Jeremy;Johnson;Tech
136;Andrew;Murphy;Tech
137;Kendra;Wilson;Tech
138;Joseph;Warren;Tech
139;Andrea;Gaines;Tech
140;Luis;Sullivan;Tech
141;Bryce;Jenkins;Tech
142;Marissa;Stewart;Tech
143;Allison;Brown;Tech
144;Kristin;Watson;Tech
145;Allen;White;Tech
146;Connor;Sutton;Tech
147;Valerie;Alvarado;Tech
148;John;Miller;Tech
149;Robin;Brown;Tech
150;Jacqueline;Ross;Tech
151;Jessica;Wilson;Tech
152;Thomas;Cooley;Tech
153;Michael;Trujillo;Tech
154;Jill;Martinez;Tech
155;Lori;Gallegos;Tech
156;Alicia;Patton;Tech
157;Derek;Snyder;Tech
158;Isaac;Brown;Tech
159;Mary;Smith;Tech
160;Barbara;Graham;Tech
161;Lisa;Saunders;Tech
162;Francisco;Lee;Tech
163;Kristin;King;Tech
164;Michelle;Perez;Tech
165;Matthew;Medina;Tech
166;Angel;Vincent;Tech
167;Tony;Jackson;Tech
168;Kelly;Hayden;Tech
169;Judy;Johnson;Tech
170;Suzanne;Carter;Tech
171;Kevin;Francis;Tech
172;Eduardo;Wilson;Tech
173;Scott;Frederick;Tech
174;Courtney;Pope;Tech
175;Kathleen;Martin;Tech
176;Ellen;West;Tech
177;Christina;Garcia;Tech
178;Angela;Marsh;Tech
179;Andrew;Reynolds;Tech
180;James;Martin;Tech
181;Thomas;Sanchez;Tech
182;Brandon;Powell;Tech
183;Shane;Mejia;Tech
184;Jesse;Hall;Tech
185;Phillip;Christensen;Tech
186;William;Sharp;Tech
187;Matthew;Morrison;Tech
188;Nicole;Fleming;Tech
189;Robin;Butler;Tech
190;Rodney;Perry;Tech
191;Rachel;Burns;Tech
192;Laura;Hughes;Tech
193;Patricia;Schwartz;Tech
194;Nicholas;Green;Tech
195;Spencer;Krause;Tech
196;Michael;Thompson;Tech
197;Leslie;Carlson;Tech
198;Savannah;Cisneros;Tech
199;Tamara;Wilson;Tech
200;Thomas;Hernandez;Tech
201;Donald;Barajas;Tech
202;Anthony;Griffith;Tech
203;Nicholas;Gutierrez;Tech
204;Edwin;Trujillo;Tech
205;Jessica;Osborne;Tech
206;Bruce;Page;Tech
207;Teresa;Ballard;Tech
208;Steven;Baker;Tech
209;Stephen;Bass;Tech
210;Brett;Bernard;Tech
211;Amy;Mitchell;Tech
212;Dawn;Price;Tech
213;Marilyn;Contreras;Tech
214;Renee;Morris;Tech
215;Katherine;Mann;Tech
216;Meghan;Stokes;Tech
217;Emily;Potts;Tech
218;Chelsea;Peters;Tech
219;Ryan;Jones;Tech
220;James;Jones;Tech
221;Gina;Peters;Tech
222;Lisa;Riddle;Tech
223;Lisa;Gonzalez;Tech
224;Jennifer;Brown;Tech
225;Steven;Nguyen;Tech
226;Tara;Blair;Tech
227;Donna;Reyes;Tech
228;Cheryl;Peters;Tech
229;Raven;Wallace;Tech
230;Joseph;Ramos;Tech
231;Kayla;Taylor;Tech
232;William;Martinez;Tech
233;Kevin;Gonzales;Tech
234;James;Henry;Tech
235;Christopher;Dodson;Tech
236;James;Watkins;Tech
237;Paul;Martinez;Tech
238;Derek;Dickson;Tech
239;Laura;Perez;Tech
240;Eric;Lowery;Tech
241;William;Adams;Tech
242;Joseph;Sanchez;Tech
243;Todd;Hansen;Tech
244;Devin;Walker;Tech
245;Samantha;Lopez;Tech
246;Meredith;Lewis;Tech
247;Edward;Francis;Tech
248;Lori;Holland;Tech
249;Jennifer;Romero;Tech
250;Jacob;Curry;Tech
251;Donna;Romero;Tech
252;Cassandra;York;Tech
253;Courtney;Ross;Tech
254;Adam;Sawyer;Tech
255;Amanda;Lewis;Tech
256;Brittany;Walters;Tech
257;Cameron;Small;Tech
258;Danielle;Perez;Tech
259;Rebecca;Sweeney;Tech
260;Travis;Flores;Tech
261;David;Ford;Tech
262;Benjamin;Flowers;Tech
263;Stephen;Woodward;Tech
264;Jacob;Forbes;Tech
265;Marcus;Navarro;Tech
266;Mark;Swanson;Tech
267;Ashley;Brown;Tech
268;Robin;Young;Tech
269;Amanda;Nguyen;Tech
270;Jessica;Hill;Tech
271;Brian;Clark;Tech
272;Nicholas;Harrison;Tech
273;Denise;Holland;Tech
274;Nicole;Clements;Tech
275;James;Pace;Tech
276;Kimberly;Morris;Tech
277;Alyssa;Mullins;Tech
278;Jeremy;Petersen;Tech
279;Jon;Patterson;Tech
280;Kristina;Steele;Tech
281;Tamara;Mccullough;Tech
282;Omar;Martin;Tech
283;Charles;Benson;Tech
284;Christine;Mendoza;Tech
285;Christopher;Harmon;Tech
286;Connor;Bennett;Tech
287;Grant;Jones;Tech
288;Donald;Lucas;Tech
289;Mary;Little;Tech
290;Jesse;Green;Tech
291;Brittany;Camacho;Tech
292;James;Reynolds;Tech
293;Eric;Marshall;Tech
294;Thomas;Duarte;Tech
295;Kimberly;Barton;Tech
296;Lori;Nunez;Tech
297;Stephanie;Allen;Tech
298;Tara;Lewis;Tech
299;Michele;Moreno;Tech
300;Elizabeth;Mason;Tech
301;Tiffany;Lester;Tech
302;Ricardo;Hull;Tech
303;Dawn;Evans;Tech
304;April;Klein;Tech
305;David;Peterson;Tech
306;Patty;Bell;Tech
307;Kevin;Haynes;Tech
308;Kristina;Thomas;Tech
309;Connie;Johnson;Tech
310;Mary;Ayers;Tech
311;Megan;Coffey;Tech
312;Christopher;Turner;Tech
313;Daniel;Steele;Tech
314;Elizabeth;Hampton;Tech
315;Daniel;Wells;Tech
316;Holly;Allen;Tech
317;Alicia;Wyatt;Tech
318;Tony;Haney;Tech
319;Mike;Smith;Tech
320;Jeremy;Sims;Tech
321;Cristina;Guerra;Tech
322;Angela;Jackson;Tech
323;Carol;Young;Tech
324;Michael;Thompson;Tech
325;Robert;Lee;Tech
326;Hunter;Durham;Tech
327;Carla;Harris;Tech
328;Monica;Price;Tech
329;Natalie;Watson;Tech
330;Natasha;Williams;Tech
331;Johnny;Dorsey;Tech
332;David;Norman;Tech
333;Matthew;Tapia;Tech
334;Daryl;Robinson;Tech
335;Kevin;Clements;Tech
336;Courtney;Holmes;Tech
337;Jennifer;Russo;Tech
338;Lucas;Brown;Tech
339;Carl;Ruiz;Tech
340;Heather;Brown;Tech
341;Regina;Walker;Tech
342;Evelyn;Lane;Tech
343;John;Hayes;Tech
344;Kimberly;Porter;Tech
345;Scott;Cole;Tech
346;Robert;Alexander;Tech
347;Tracy;Wall;Tech
348;Robert;Williams;Tech
349;Kevin;Miller;Tech
350;Eric;Tucker;Tech
351;Deborah;Hodges;Tech
352;Taylor;Jones;Tech
353;Lauren;Garcia;Tech
354;Erin;Nguyen;Tech
355;Teresa;Shelton;Tech
356;Rebecca;Tyler;Tech
357;Kimberly;Lopez;Tech
358;Victoria;Richardson;Tech
359;Walter;Sherman;Tech
360;Kylie;Schneider;Tech
361;Kevin;Johnston;Tech
362;Kevin;Martinez;Tech
363;James;Petersen;Tech
364;Mary;Johnson;Tech
365;Jennifer;Moore;Tech
366;Marcus;Cook;Tech
367;Adam;Cook;Tech
368;Crystal;Cherry;Tech
369;Dana;Johnson;Tech
370;Isabella;Jennings;Tech
371;Alexander;Johnson;Tech
372;Elizabeth;Atkins;Tech
373;Adam;Thomas;Tech
374;Ashley;Elliott;Tech
375;James;Davis;Tech
376;Michael;Lee;Tech
377;Brett;Allen;Tech
378;Carolyn;Gutierrez;Tech
379;David;Bauer;Tech
380;Colin;Coleman;Tech
381;Kyle;Banks;Tech
382;Melody;Mason;Tech
383;Debbie;Mcgrath;Tech
384;Cassandra;Hopkins;Tech
385;Jeffrey;Flores;Tech
386;Derrick;Cooper;Tech
387;Dawn;Kelly;Tech
388;Scott;Allen;Tech
389;Brian;Hawkins;Tech
390;Christopher;Lopez;Tech
391;Rebecca;Clayton;Tech
392;Matthew;Molina;Tech
393;Crystal;Jones;Tech
394;Diana;Shaw;Tech
395;Lisa;Weeks;Tech
396;Michele;Hardy;Tech
397;Michelle;Anderson;Tech
398;Daniel;Woods;Tech
399;Jessica;Herring;Tech
400;Adam;Flores;Tech
401;Nathan;Aguilar;Tech
402;Julie;Haley;Tech
403;Leah;Sanchez;Tech
404;Justin;Ortiz;Tech
405;Crystal;Morris;Tech
406;Jessica;Watson;Tech
407;Robert;Clark;Tech
408;Marcus;Martin;Tech
409;Teresa;Young;Tech
410;Kevin;Mahoney;Tech
411;Erik;Elliott;Tech
412;Abigail;Young;Tech
413;Colin;Williams;Tech
414;Danielle;Stephens;Tech
415;Kirk;Taylor;Tech
416;Stephen;Gomez;Tech
417;Jason;Buckley;Tech
418;Nicholas;Delgado;Tech
419;Daniel;Hunt;Tech
420;Timothy;Howard;Tech
421;Richard;Mckenzie;Tech
422;Angela;Wilson;Tech
423;April;Wright;Tech
424;Kathy;Mckinney;Tech
425;Rodney;Hall;Tech
426;Alexander;Gallegos;Tech
427;Dana;Ramirez;Tech
428;Mitchell;Gonzalez;Tech
429;Christopher;Ryan;Tech
430;David;Barajas;Tech
431;Sara;Nelson;Tech
432;Carl;Smith;Tech
433;Lindsey;Simmons;Tech
434;Brian;Hall;Tech
435;Mitchell;Jones;Tech
436;James;Hunt;Tech
437;Jeffrey;Benjamin;Tech
438;Frank;Matthews;Tech
439;Benjamin;Wiggins;Tech
440;Kimberly;Moore;Tech
441;James;Perez;Tech
442;Rachel;Lee;Tech
443;Michael;Baker;Tech
444;Elizabeth;Armstrong;Tech
445;Melissa;Coleman;Tech
446;Edward;Middleton;Tech
447;Aaron;Sanchez;Tech
448;Leslie;Johnson;Tech
449;Charles;Anderson;Tech
450;Jennifer;Johnson;Tech
451;Tyler;Cohen;Tech
452;Dustin;Morgan;Tech
453;Rhonda;Bell;Tech
454;Benjamin;Jones;Tech
455;Brian;Allen;Tech
456;Steven;Edwards;Tech
457;Bryan;Peters;Tech
458;David;Holden;Tech
459;Amanda;Crawford;Tech
460;William;Wood;Tech
461;Cynthia;Eaton;Tech
462;John;Edwards;Tech
463;Sarah;Roy;Tech
464;Daniel;Braun;Tech
465;Sheila;Andrews;Tech
466;Glenn;Anderson;Tech
467;Michelle;Monroe;Tech
468;Stacey;Williams;Tech
469;Stephanie;Collins;Tech
470;Linda;Sanchez;Tech
471;Adam;Perez;Tech
472;Aaron;Santiago;Tech
473;Donna;Mcdaniel;Tech
474;Lauren;Garcia;Tech
475;Steven;Lopez;Tech
476;Guy;Jackson;Tech
477;Dwayne;Roy;Tech
478;Eddie;Huffman;Tech
479;Dakota;Beasley;Tech
480;Kayla;Williams;Tech
481;Amber;Rojas;Tech
482;Gabriela;Aguilar;Tech
483;Laurie;Williams;Tech
484;Alexander;Robertson;Tech
485;Tracy;Montgomery;Tech
486;Carmen;Martin;Tech
487;Jeremy;David;Tech
488;Carrie;Martinez;Tech
489;Christina;Rocha;Tech
490;Deanna;Haas;Tech
491;Joshua;Smith;Tech
492;Jonathan;Butler;Tech
493;Kimberly;Bell;Tech
494;Anita;Barnes;Tech
495;Karen;Valdez;Tech
496;Robert;Brown;Tech
497;Rachel;Andrews;Tech
498;Jessica;Oconnor;Tech
499;Charles;Barker;Tech
500;Julie;King;Tech
501;James;Jenkins;Tech
502;Christopher;Frost;Tech
503;Stephanie;Glover;Tech
504;Ashley;Ingram;Tech
505;Danielle;Bond;Tech
506;Jeanette;Cole;Tech
507;Tracy;Hall;Tech
508;Ronald;Munoz;Tech
509;Peggy;Andrade;Tech
510;Cynthia;Colon;Tech
511;Reginald;Melendez;Tech
512;Melissa;Todd;Tech
513;Jeremy;Adams;Tech
514;Sara;Miller;Tech
515;Tina;Clark;Tech
516;Joseph;Vargas;Tech
517;Alyssa;Hall;Tech
518;Kevin;Coleman;Tech
519;Heather;Alvarado;Tech
520;Laura;Smith;Tech
521;Susan;Scott;Tech
522;David;Stone;Tech
523;Pamela;Woods;Tech
524;Elizabeth;Taylor;Tech
525;Charles;Walls;Tech
526;Patricia;Shepherd;Tech
527;Caleb;Cook;Tech
528;Gregory;Watson;Tech
529;Christian;Johnson;Tech
530;Ashley;Melton;Tech
531;Ana;Sanders;Tech
532;Cody;Delgado;Tech
533;Denise;Green;Tech
534;Sandra;Walter;Tech
535;Bailey;White;Tech
536;Courtney;David;Tech
537;Jacob;Acosta;Tech
538;Amy;Paul;Tech
539;Jay;Riddle;Tech
540;Sean;Hutchinson;Tech
541;Dawn;Ellis;Tech
542;Lisa;Richardson;Tech
543;Lisa;Williams;Tech
544;Joanna;Dixon;Tech
545;David;Torres;Tech
546;Dean;Johnson;Tech
547;Anthony;Davis;Tech
548;Michelle;Welch;Tech
549;Patricia;Pearson;Tech
550;Michael;Sanchez;Tech
551;Daniel;Curry;Tech
552;Robert;Riley;Tech
553;Kelly;Pena;Tech
554;Brian;Powers;Tech
555;Judy;Russo;Tech
556;Chelsea;Andrade;Tech
557;Heather;Lowe;Tech
558;Rebecca;Peters;Tech
559;David;Padilla;Tech
560;Bruce;Holmes;Tech
561;James;Garrett;Tech
562;Justin;Roman;Tech
563;Jennifer;Adams;Tech
564;Samantha;Garza;Tech
565;Kimberly;Jackson;Tech
566;Lisa;Norris;Tech
567;Daniel;Hutchinson;Tech
568;Jacqueline;Austin;Tech
569;Allison;Ramirez;Tech
570;William;White;Tech
571;Darryl;Carter;Tech
572;Cory;Brooks;Tech
573;Garrett;Yang;Tech
574;Tracy;Harrison;Tech
575;Walter;Parker;Tech
576;James;Davila;Tech
577;Shane;Fisher;Tech
578;Victor;Young;Tech
579;Daniel;Parker;Tech
580;Jennifer;Snyder;Tech
581;Nathan;Diaz;Tech
582;Steven;Wright;Tech
583;Mary;Smith;Tech
584;Kevin;Wood;Tech
585;Julia;Collins;Tech
586;Ricardo;Day;Tech
587;Sheila;Walker;Tech
588;Michael;Maddox;Tech
589;Emily;Trujillo;Tech
590;Chad;Schwartz;Tech
591;Jasmine;Rowe;Tech
592;Amber;Perry;Tech
593;Amy;Garcia;Tech
594;John;Todd;Tech
595;Michaela;Owen;Tech
596;Troy;Haas;Tech
597;Michael;Bond;Tech
598;Dustin;Ross;Tech
599;Jeff;Mcdaniel;Tech
600;Ashley;Allen;Tech
601;Dawn;Bernard;Tech
602;Kathryn;Jordan;Tech
603;Christina;Walker;Tech
604;Douglas;Vargas;Tech
605;Rachel;Williams;Tech
606;Diane;Preston;Tech
607;Lindsay;Nunez;Tech
608;Danielle;Butler;Tech
609;Melanie;Nunez;Tech
610;Adrian;Smith;Tech
611;Autumn;Walker;Tech
612;Jon;Lawson;Tech
613;David;Smith;Tech
614;Shawn;Scott;Tech
615;Vanessa;Gonzalez;Tech
616;Tyler;Simpson;Tech
617;Justin;Rodriguez;Tech
618;Thomas;Murray;Tech
619;David;Kidd;Tech
620;Ryan;Wright;Tech
621;Jennifer;Lynch;Tech
622;Tammy;Cannon;Tech
623;Mary;Brown;Tech
624;William;Wolfe;Tech
625;Cameron;Valenzuela;Tech
626;Becky;Maddox;Tech
627;Michelle;Sullivan;Tech
628;Jeffrey;Shannon;Tech
629;Jennifer;Harris;Tech
630;Betty;Gilbert;Tech
631;Michael;Rodgers;Tech
632;Martha;King;Tech
633;Anthony;Osborne;Tech
634;Scott;Kemp;Tech
635;Amber;Jones;Tech
636;Brian;Wolfe;Tech
637;Michael;Thompson;Tech
638;Amanda;Benson;Tech
639;Patricia;Austin;Tech
640;Mackenzie;Lucas;Tech
641;Phillip;Rodriguez;Tech
642;Larry;Bell;Tech
643;Samantha;Bishop;Tech
644;Christine;Gardner;Tech
645;Brandy;Hood;Tech
646;William;Lee;Tech
647;Seth;Mueller;Tech
648;Derek;Hall;Tech
649;Michele;Hendricks;Tech
650;Kyle;Hall;Tech
651;Jessica;Padilla;Tech
652;Laura;Martin;Tech
653;Vickie;Nelson;Tech
654;Ricky;Anderson;Tech
655;Justin;Holloway;Tech
656;Jeffrey;Carlson;Tech
657;Kevin;Chase;Tech
658;James;Owens;Tech
659;Todd;Smith;Tech
660;Claire;Gillespie;Tech
661;Brian;Moon;Tech
662;David;Brown;Tech
663;Carolyn;Harris;Tech
664;Kent;Crawford;Tech
665;Scott;Henry;Tech
666;Kristen;Anderson;Tech
667;Morgan;Vasquez;Tech
668;Cameron;Walsh;Tech
669;Justin;Johnston;Tech
670;Teresa;Johnson;Tech
671;Meghan;Oconnor;Tech
672;Ruben;Fischer;Tech
673;Dennis;Stone;Tech
674;Mary;Short;Tech
675;David;Figueroa;Tech
676;Lydia;Rose;Tech
677;Daniel;Wilkins;Tech
678;Joy;Lynch;Tech
679;Herbert;Harris;Tech
680;Sarah;Allen;Tech
681;Kenneth;Jones;Tech
682;Elizabeth;Mclaughlin;Tech
683;Michael;Jones;Tech
684;Megan;House;Tech
685;Patricia;Henderson;Tech
686;Veronica;Gomez;Tech
687;Sean;Lewis;Tech
688;Anthony;Case;Tech
689;Gary;Wallace;Tech
690;Sarah;Fields;Tech
691;Nathaniel;Campbell;Tech
692;Natalie;Williams;Tech
693;Rachel;Gaines;Tech
694;Michelle;Goodman;Tech
695;Anthony;Vargas;Tech
696;Julian;Sandoval;Tech
697;Jack;Shea;Tech
698;Craig;Thomas;Tech
699;Robert;Goodwin;Tech
700;Kevin;Meyers;Tech
701;Teresa;Smith;Tech
702;Joel;Medina;Tech
703;Richard;Howe;Tech
704;Geoffrey;Johnson;Tech
705;Michael;Jordan;Tech
706;Leah;Parker;Tech
707;Benjamin;Andrews;Tech
708;Michael;Andrews;Tech
709;William;Simon;Tech
710;Robert;Mullen;Tech
711;Christopher;Davis;Tech
712;Michelle;Davis;Tech
713;Christian;Murphy;Tech
714;Taylor;Obrien;Tech
715;Kenneth;Decker;Tech
716;Michelle;Rogers;Tech
717;Ronald;Ferguson;Tech
718;Rose;Bush;Tech
719;Christopher;Phillips;Tech
720;David;Schmitt;Tech
721;Valerie;Lopez;Tech
722;Tara;Hamilton;Tech
723;Matthew;Robinson;Tech
724;Mary;Morgan;Tech
725;Micheal;Hart;Tech
726;Haley;Hernandez;Tech
727;Mikayla;Rodriguez;Tech
728;Frank;Rodriguez;Tech
729;Joseph;Mccarty;Tech
730;Donna;Ross;Tech
731;Jennifer;Mercer;Tech
732;Kimberly;Wang;Tech
733;Tonya;Bryant;Tech
734;Jacqueline;Jones;Tech
735;Sabrina;Riddle;Tech
736;Stephen;Pope;Tech
737;David;Bond;Tech
738;Kerri;West;Tech
739;Juan;Steele;Tech
740;Eduardo;Johnson;Tech
741;Brandy;Bentley;Tech
742;Lori;Dennis;Tech
743;Phillip;Pratt;Tech
744;Stephen;Dickson;Tech
745;Connor;Booker;Tech
746;Craig;Lewis;Tech
747;Colton;Cooper;Tech
748;Jennifer;Adams;Tech
749;Daniel;Giles;Tech
750;Jessica;Estes;Tech
751;Alexander;Ortega;Tech
752;Joseph;Melendez;Tech
753;Shelly;Jenkins;Tech
754;Steven;Myers;Tech
755;Daniel;Valentine;Tech
756;Kathryn;Bates;Tech
757;Blake;Reese;Tech
758;Vicki;Morrow;Tech
759;Carrie;Mckinney;Tech
760;Brittany;Mooney;Tech
761;Kyle;Rivera;Tech
762;Robert;Woodward;Tech
763;Joshua;Gordon;Tech
764;Chad;Johnson;Tech
765;Caitlin;Hull;Tech
766;David;Joseph;Tech
767;Kevin;Cruz;Tech
768;Maria;Torres;Tech
769;Lauren;Lopez;Tech
770;Gina;Martinez;Tech
771;Michelle;Mcdonald;Tech
772;Craig;Ryan;Tech
773;Angela;Thompson;Tech
774;Anna;Long;Tech
775;Aaron;Vance;Tech
776;Brian;Potter;Tech
777;Daniel;Henry;Tech
778;Catherine;Brown;Tech
779;Robert;Gordon;Tech
780;Travis;Martinez;Tech
781;Laura;Lopez;Tech
782;Patrick;Taylor;Tech
783;Barbara;Taylor;Tech
784;Wayne;Carroll;Tech
785;Lisa;Wu;Tech
786;Jo;Molina;Tech
787;David;Yang;Tech
788;David;Gill;Tech
789;Robert;Ortiz;Tech
790;Brittany;Nichols;Tech
791;Sarah;Acosta;Tech
792;Douglas;Bartlett;Tech
793;Caitlin;Hill;Tech
794;Alyssa;Turner;Tech
795;Teresa;Spencer;Tech
796;Susan;Murphy;Tech
797;Kenneth;Lewis;Tech
798;Jacqueline;Morris;Tech
799;Jenna;Bennett;Tech
800;Lynn;Brown;Tech
801;Lori;Tran;Tech
802;Alex;Hill;Tech
803;Benjamin;Smith;Tech
804;James;Smith;Tech
805;Samuel;Wilson;Tech
806;Kelly;Thornton;Tech
807;James;Nichols;Tech
808;Daniel;Sparks;Tech
809;Daniel;James;Tech
810;Daniel;Webster;Tech
811;Jessica;Bishop;Tech
812;Savannah;Lopez;Tech
813;Taylor;Smith;Tech
814;Tiffany;Wood;Tech
815;Alexandra;Miller;Tech
816;Ryan;Jones;Tech
817;Emily;Barrett;Tech
818;Jodi;Alvarez;Tech
819;Dawn;Mckenzie;Tech
820;Heather;Brown;Tech
821;Dale;Galloway;Tech
822;Yvette;Williamson;Tech
823;Evan;Ward;Tech
824;Amber;Gonzalez;Tech
825;Bryan;Dunn;Tech
826;Steven;Fisher;Tech
827;Heidi;Patterson;Tech
828;Amanda;Lewis;Tech
829;Tyler;Butler;Tech
830;Glenn;Rosales;Tech
831;Pamela;White;Tech
832;Matthew;Patterson;Tech
833;Alexander;Anderson;Tech
834;Tara;Reynolds;Tech
835;Cindy;Turner;Tech
836;Stephanie;Adams;Tech
837;Evan;Martin;Tech
838;David;Conrad;Tech
839;Jodi;Livingston;Tech
840;Jennifer;Rodriguez;Tech
841;Jennifer;Garcia;Tech
842;Lisa;Haynes;Tech
843;Heidi;Baxter;Tech
844;Katelyn;Kelley;Tech
845;Jennifer;Cox;Tech
846;James;Perez;Tech
847;Jerry;Graham;Tech
848;Robert;Jones;Tech
849;Carly;Wilson;Tech
850;Robin;Jones;Tech
851;Michael;Gordon;Tech
852;Amy;Pugh;Tech
853;Jennifer;Edwards;Tech
854;Gabriela;Lutz;Tech
855;David;Lopez;Tech
856;Michelle;Smith;Tech
857;David;Reilly;Tech
858;Russell;Allison;Tech
859;Amy;Copeland;Tech
860;Mary;Johnson;Tech
861;Roy;Rodgers;Tech
862;Elaine;Murray;Tech
863;Stephanie;Blevins;Tech
864;Michael;Jimenez;Tech
865;Richard;Jackson;Tech
866;Daniel;Little;Tech
867;Michael;Shah;Tech
868;Kathryn;Holder;Tech
869;Charles;Wright;Tech
870;Colleen;Vance;Tech
871;Nancy;Santana;Tech
872;Sara;Watson;Tech
873;Peter;Henry;Tech
874;Kenneth;Brown;Tech
875;Carlos;Joseph;Tech
876;Edwin;Wilson;Tech
877;Luis;Patterson;Tech
878;Leslie;Hernandez;Tech
879;Edward;Landry;Tech
880;Ebony;Bennett;Tech
881;Jeremy;Nash;Tech
882;Phillip;Carson;Tech
883;Lisa;Garcia;Tech
884;Lisa;Griffin;Tech
885;Jeffrey;Jimenez;Tech
886;Kaitlyn;Walsh;Tech
887;Jessica;Wade;Tech
888;Hannah;Williams;Tech
889;Shannon;Hahn;Tech
890;John;Miller;Tech
891;Regina;Rogers;Tech
892;Brandon;Davis;Tech
893;Virginia;Scott;Tech
894;Gregory;Brown;Tech
895;Raymond;Gutierrez;Tech
896;Wendy;Jackson;Tech
897;Nathaniel;Bradley;Tech
898;Crystal;Jennings;Tech
899;Alejandro;Hughes;Tech
900;April;Singh;Tech
901;Adrienne;Cox;Tech
902;Jamie;Zimmerman;Tech
903;Miranda;Burns;Tech
904;Matthew;Alexander;Tech
905;Alexa;Dalton;Tech
906;John;Hansen;Tech
907;Charles;Ross;Tech
908;Andrew;Kelly;Tech
909;Brenda;Gross;Tech
910;Rebecca;Ellison;Tech
911;James;Parks;Tech
912;Michael;Lopez;Tech
913;Destiny;Ramirez;Tech
914;David;Adams;Tech
915;Brittany;Alvarado;Tech
916;Rebecca;Crawford;Tech
917;Erik;Casey;Tech
918;Whitney;Austin;Tech
919;Peter;Murray;Tech
920;Daniel;Moody;Tech
921;Megan;Turner;Tech
922;Doris;Cole;Tech
923;Elaine;Kramer;Tech
924;Daniel;Malone;Tech
925;Amy;Adams;Tech
926;Ronald;Berger;Tech
927;Chad;Newman;Tech
928;Eric;Cooper;Tech
929;Tara;Carroll;Tech
930;Jerry;Ryan;Tech
931;Steven;Maxwell;Tech
932;Alexander;Stevens;Tech
933;Shane;Martin;Tech
934;Jody;Chen;Tech
935;Eric;Rosales;Tech
936;Crystal;Carr;Tech
937;Robert;Doyle;Tech
938;Daniel;Miller;Tech
939;Joel;Gonzalez;Tech
940;Stephen;Whitaker;Tech
941;Brooke;Watson;Tech
942;Laura;Martin;Tech
943;Jonathan;Bird;Tech
944;Rebecca;Kent;Tech
945;Kimberly;Maxwell;Tech
946;Clayton;Oliver;Tech
947;Bobby;Rogers;Tech
948;Allison;Brady;Tech
949;Jesse;Roy;Tech
950;Karl;Hall;Tech
951;Leah;Caldwell;Tech
952;Michael;Ford;Tech
953;Charles;Scott;Tech
954;Julie;Atkinson;Tech
955;Michael;Hughes;Tech
956;Tracy;Smith;Tech
957;Evelyn;Bruce;Tech
958;Amanda;Smith;Tech
959;Robert;Banks;Tech
960;Joshua;Mccall;Tech
961;Todd;Rivera;Tech
962;Bridget;Cox;Tech
963;Jesse;Smith;Tech
964;Brandon;Burns;Tech
965;Lynn;Coffey;Tech
966;Karen;Parks;Tech
967;Jacqueline;Archer;Tech
968;Thomas;Castro;Tech
969;Kelly;Bryant;Tech
970;Victoria;Decker;Tech
971;Jennifer;Guzman;Tech
972;Thomas;Turner;Tech
973;Christina;Fischer;Tech
974;Michael;Lucas;Tech
975;Joseph;Morales;Tech
976;Brenda;Reyes;Tech
977;Jessica;Anderson;Tech
978;Anthony;Gordon;Tech
979;Marc;Weiss;Tech
980;Tracy;Thomas;Tech
981;Manuel;Garcia;Tech
982;Stacie;Livingston;Tech
983;Sandra;Raymond;Tech
984;Jay;Barrett;Tech
985;Janet;Rodriguez;Tech
986;Thomas;Dixon;Tech
987;David;Singh;Tech
988;Matthew;Norris;Tech
989;James;Strickland;Tech
990;Rebecca;Cooper;Tech
991;Ruben;Kennedy;Tech
992;Regina;Herring;Tech
993;Timothy;Miller;Tech
994;Steven;White;Tech
995;Julian;Scott;Tech
996;Ronald;Young;Tech
997;Kendra;Kemp;Tech
998;Christopher;Todd;Tech
999;Sean;Brown;Tech
